{
	"credit": "Made with Blockbench",
	"textures": {
		"0": "wedding_cake_bottom",
		"1": "wedding_cake_side",
		"2": "wedding_cake_top",
		"3": "wedding_roses",
		"4": "wedding_leaves2",
		"5": "branch",
		"6": "lolly_topper",
		"7": "scorp_topper",
		"particle": "wedding_cake_bottom"
	},
	"elements": [
		{
			"from": [0, -0.01, 0],
			"to": [16, 6, 16],
			"faces": {
				"north": {"uv": [0, 10, 16, 16], "texture": "#1"},
				"east": {"uv": [0, 10, 16, 16], "texture": "#1"},
				"south": {"uv": [0, 10, 16, 16], "texture": "#1"},
				"west": {"uv": [0, 10, 16, 16], "texture": "#1"},
				"up": {"uv": [0, 0, 16, 16], "texture": "#2"},
				"down": {"uv": [0, 0, 16, 16], "texture": "#0"}
			}
		},
		{
			"from": [2, 6, 2],
			"to": [14, 12, 14],
			"rotation": {"angle": 0, "axis": "y", "origin": [8, 9, 8]},
			"faces": {
				"north": {"uv": [2, 4, 14, 10], "texture": "#1"},
				"east": {"uv": [2, 4, 14, 10], "texture": "#1"},
				"south": {"uv": [2, 4, 14, 10], "texture": "#1"},
				"west": {"uv": [2, 4, 14, 10], "texture": "#1"},
				"up": {"uv": [2, 2, 14, 14], "texture": "#2"},
				"down": {"uv": [2, 2, 14, 14], "texture": "#0"}
			}
		},
		{
			"from": [9, 15, 7.5],
			"to": [10, 16, 8.5],
			"rotation": {"angle": 0, "axis": "y", "origin": [8, 14.5, 8]},
			"faces": {
				"north": {"uv": [4.5, 2, 6.5, 4], "texture": "#7"},
				"east": {"uv": [2.5, 2, 4.5, 4], "texture": "#7"},
				"south": {"uv": [8.5, 2, 10.5, 4], "texture": "#7"},
				"west": {"uv": [6.5, 2, 8.5, 4], "texture": "#7"},
				"up": {"uv": [4.5, 0, 6.5, 2], "rotation": 180, "texture": "#7"},
				"down": {"uv": [6.5, 0, 8.5, 2], "texture": "#7"}
			}
		},
		{
			"from": [10, 13.5, 7.75],
			"to": [10.375, 15, 8.25],
			"rotation": {"angle": 0, "axis": "y", "origin": [8, 14.5, 8]},
			"faces": {
				"north": {"uv": [1, 5, 1.75, 8], "texture": "#7"},
				"east": {"uv": [0, 5, 1, 8], "texture": "#7"},
				"south": {"uv": [2.75, 5, 3.5, 8], "texture": "#7"},
				"west": {"uv": [1.75, 5, 2.75, 8], "texture": "#7"},
				"up": {"uv": [1, 4, 1.75, 5], "rotation": 180, "texture": "#7"},
				"down": {"uv": [1.75, 4, 2.5, 5], "rotation": 180, "texture": "#7"}
			}
		},
		{
			"from": [9, 12, 7.75],
			"to": [10, 15, 8.25],
			"rotation": {"angle": 0, "axis": "y", "origin": [8, 14.5, 8]},
			"faces": {
				"north": {"uv": [4.5, 5, 6.5, 11], "texture": "#7"},
				"east": {"uv": [3.5, 5, 4.5, 11], "texture": "#7"},
				"south": {"uv": [7.5, 5, 9.5, 11], "texture": "#7"},
				"west": {"uv": [6.5, 5, 7.5, 11], "texture": "#7"},
				"up": {"uv": [4.5, 4, 6.5, 5], "rotation": 180, "texture": "#7"},
				"down": {"uv": [6.5, 4, 8.25, 5], "rotation": 180, "texture": "#7"}
			}
		},
		{
			"from": [8.625, 13.5, 7.75],
			"to": [9, 15, 8.25],
			"rotation": {"angle": 0, "axis": "y", "origin": [8, 14.5, 8]},
			"faces": {
				"north": {"uv": [10.5, 5, 11.25, 8], "texture": "#7"},
				"east": {"uv": [9.5, 5, 10.5, 8], "texture": "#7"},
				"south": {"uv": [12.25, 5, 13, 8], "texture": "#7"},
				"west": {"uv": [11.25, 5, 12.25, 8], "texture": "#7"},
				"up": {"uv": [10.5, 4, 11.25, 5], "rotation": 180, "texture": "#7"},
				"down": {"uv": [11.25, 4, 12, 5], "rotation": 180, "texture": "#7"}
			}
		},
		{
			"from": [6, 15, 7.5],
			"to": [7, 16, 8.5],
			"rotation": {"angle": 0, "axis": "y", "origin": [8, 14.5, 8]},
			"faces": {
				"north": {"uv": [5, 2, 7, 4], "texture": "#6"},
				"east": {"uv": [3, 2, 5, 4], "texture": "#6"},
				"south": {"uv": [9, 2, 11, 4], "texture": "#6"},
				"west": {"uv": [7, 2, 9, 4], "texture": "#6"},
				"up": {"uv": [5, 0, 7, 2], "rotation": 180, "texture": "#6"},
				"down": {"uv": [7, 0, 9, 2], "texture": "#6"}
			}
		},
		{
			"from": [7, 13.5, 7.75],
			"to": [7.5, 15, 8.25],
			"rotation": {"angle": 0, "axis": "y", "origin": [8, 14.5, 8]},
			"faces": {
				"north": {"uv": [1, 5, 2, 8], "texture": "#6"},
				"east": {"uv": [0, 5, 1, 8], "texture": "#6"},
				"south": {"uv": [3, 5, 4, 8], "texture": "#6"},
				"west": {"uv": [2, 5, 3, 8], "texture": "#6"},
				"up": {"uv": [1, 4, 2, 5], "rotation": 270, "texture": "#6"},
				"down": {"uv": [2, 4, 3, 5], "rotation": 90, "texture": "#6"}
			}
		},
		{
			"from": [6, 12, 7.75],
			"to": [7, 15, 8.25],
			"rotation": {"angle": 0, "axis": "y", "origin": [8, 14.5, 8]},
			"faces": {
				"north": {"uv": [5, 5, 7, 11], "texture": "#6"},
				"east": {"uv": [4, 5, 5, 11], "texture": "#6"},
				"south": {"uv": [8, 5, 10, 11], "texture": "#6"},
				"west": {"uv": [7, 5, 8, 11], "texture": "#6"},
				"up": {"uv": [5, 4, 7, 5], "rotation": 180, "texture": "#6"},
				"down": {"uv": [7, 4, 8.75, 5], "rotation": 180, "texture": "#6"}
			}
		},
		{
			"from": [5.5, 13.5, 7.75],
			"to": [6, 15, 8.25],
			"rotation": {"angle": 0, "axis": "y", "origin": [8, 14.5, 8]},
			"faces": {
				"north": {"uv": [11, 5, 12, 8], "texture": "#6"},
				"east": {"uv": [10, 5, 11, 8], "texture": "#6"},
				"south": {"uv": [13, 5, 14, 8], "texture": "#6"},
				"west": {"uv": [12, 5, 13, 8], "texture": "#6"},
				"up": {"uv": [11, 4, 12, 5], "rotation": 270, "texture": "#6"},
				"down": {"uv": [12, 4, 13, 5], "rotation": 90, "texture": "#6"}
			}
		},
		{
			"from": [-1, 0, -1],
			"to": [1, 2, 1],
			"faces": {
				"north": {"uv": [2, 5, 4, 7], "texture": "#3"},
				"east": {"uv": [0, 5, 2, 7], "texture": "#3"},
				"south": {"uv": [3, 7, 5, 9], "texture": "#3"},
				"west": {"uv": [3, 5, 5, 7], "texture": "#3"},
				"up": {"uv": [3, 5, 5, 7], "texture": "#3"},
				"down": {"uv": [5, 4, 7, 6], "texture": "#3"}
			}
		},
		{
			"from": [15, 0, 15],
			"to": [17, 2, 17],
			"faces": {
				"north": {"uv": [7, 12, 9, 14], "texture": "#3"},
				"east": {"uv": [10, 12, 12, 14], "texture": "#3"},
				"south": {"uv": [9, 12, 11, 14], "texture": "#3"},
				"west": {"uv": [7, 10, 9, 12], "texture": "#3"},
				"up": {"uv": [9, 11, 11, 13], "texture": "#3"},
				"down": {"uv": [8, 14, 10, 16], "texture": "#3"}
			}
		},
		{
			"from": [17, 0, 15],
			"to": [18, 2, 15],
			"rotation": {"angle": -22.5, "axis": "y", "origin": [17, 1, 15]},
			"faces": {
				"north": {"uv": [9, 14, 11, 15], "rotation": 270, "texture": "#3"},
				"east": {"uv": [0, 0, 0, 2], "rotation": 180, "texture": "#missing"},
				"south": {"uv": [10, 10, 12, 11], "rotation": 90, "texture": "#3"},
				"west": {"uv": [0, 0, 0, 2], "texture": "#missing"},
				"up": {"uv": [0, 0, 0, 1], "rotation": 90, "texture": "#missing"},
				"down": {"uv": [0, 0, 0, 1], "rotation": 90, "texture": "#missing"}
			}
		},
		{
			"from": [17, 0, 15],
			"to": [18, 0, 17],
			"rotation": {"angle": 22.5, "axis": "z", "origin": [17, 0, 16]},
			"faces": {
				"north": {"uv": [0, 0, 0, 1], "rotation": 270, "texture": "#missing"},
				"east": {"uv": [0, 0, 0, 2], "rotation": 90, "texture": "#missing"},
				"south": {"uv": [0, 0, 0, 1], "rotation": 90, "texture": "#missing"},
				"west": {"uv": [0, 0, 0, 2], "rotation": 90, "texture": "#missing"},
				"up": {"uv": [9, 14, 11, 15], "rotation": 90, "texture": "#3"},
				"down": {"uv": [10, 10, 12, 11], "rotation": 90, "texture": "#3"}
			}
		},
		{
			"from": [15, 0, 17],
			"to": [17, 0, 18],
			"rotation": {"angle": -22.5, "axis": "x", "origin": [16, 0, 17]},
			"faces": {
				"north": {"uv": [0, 0, 0, 2], "rotation": 90, "texture": "#missing"},
				"east": {"uv": [0, 0, 0, 1], "rotation": 270, "texture": "#missing"},
				"south": {"uv": [0, 0, 0, 2], "rotation": 90, "texture": "#missing"},
				"west": {"uv": [0, 0, 0, 1], "rotation": 90, "texture": "#missing"},
				"up": {"uv": [8, 10, 10, 11], "rotation": 180, "texture": "#3"},
				"down": {"uv": [8, 14, 10, 15], "texture": "#3"}
			}
		},
		{
			"from": [15, 0, 17],
			"to": [15, 2, 18],
			"rotation": {"angle": 22.5, "axis": "y", "origin": [15, 1, 17]},
			"faces": {
				"north": {"uv": [0, 0, 0, 2], "texture": "#missing"},
				"east": {"uv": [11, 10, 13, 11], "rotation": 270, "texture": "#3"},
				"south": {"uv": [0, 0, 0, 2], "rotation": 180, "texture": "#missing"},
				"west": {"uv": [11, 14, 13, 15], "rotation": 90, "texture": "#3"},
				"up": {"uv": [0, 0, 0, 1], "rotation": 180, "texture": "#missing"},
				"down": {"uv": [0, 0, 0, 1], "texture": "#missing"}
			}
		},
		{
			"from": [15, 2, 16],
			"to": [15, 3, 17],
			"rotation": {"angle": -22.5, "axis": "z", "origin": [15, 2, 16]},
			"faces": {
				"north": {"uv": [0, 0, 0, 1], "texture": "#missing"},
				"east": {"uv": [8, 11, 9, 12], "texture": "#3"},
				"south": {"uv": [0, 0, 0, 1], "texture": "#missing"},
				"west": {"uv": [9, 14, 10, 15], "texture": "#3"},
				"up": {"uv": [0, 0, 0, 1], "texture": "#missing"},
				"down": {"uv": [0, 0, 0, 1], "texture": "#missing"}
			}
		},
		{
			"from": [16, 2, 15],
			"to": [17, 3, 15],
			"rotation": {"angle": 22.5, "axis": "x", "origin": [17, 2, 15]},
			"faces": {
				"north": {"uv": [9, 14, 10, 15], "texture": "#3"},
				"east": {"uv": [0, 0, 0, 1], "texture": "#missing"},
				"south": {"uv": [11, 10, 12, 11], "texture": "#3"},
				"west": {"uv": [0, 0, 0, 1], "texture": "#missing"},
				"up": {"uv": [0, 0, 0, 1], "rotation": 90, "texture": "#missing"},
				"down": {"uv": [0, 0, 0, 1], "rotation": 270, "texture": "#missing"}
			}
		},
		{
			"from": [15, 6, 3],
			"to": [16, 8, 3],
			"rotation": {"angle": 22.5, "axis": "y", "origin": [15, 7, 3]},
			"faces": {
				"north": {"uv": [2, 10, 4, 11], "rotation": 270, "texture": "#3"},
				"east": {"uv": [0, 0, 0, 2], "rotation": 180, "texture": "#missing"},
				"south": {"uv": [4, 14, 6, 15], "rotation": 90, "texture": "#3"},
				"west": {"uv": [0, 0, 0, 2], "texture": "#missing"},
				"up": {"uv": [0, 0, 0, 1], "rotation": 90, "texture": "#missing"},
				"down": {"uv": [0, 0, 0, 1], "rotation": 90, "texture": "#missing"}
			}
		},
		{
			"from": [15, 6, 1],
			"to": [16, 6, 3],
			"rotation": {"angle": 22.5, "axis": "z", "origin": [15, 6, 2]},
			"faces": {
				"north": {"uv": [0, 0, 0, 1], "rotation": 270, "texture": "#missing"},
				"east": {"uv": [0, 0, 0, 2], "rotation": 90, "texture": "#missing"},
				"south": {"uv": [0, 0, 0, 1], "rotation": 90, "texture": "#missing"},
				"west": {"uv": [0, 0, 0, 2], "rotation": 90, "texture": "#missing"},
				"up": {"uv": [2, 10, 4, 11], "rotation": 90, "texture": "#3"},
				"down": {"uv": [2, 14, 4, 15], "rotation": 90, "texture": "#3"}
			}
		},
		{
			"from": [13, 6, 0],
			"to": [15, 6, 1],
			"rotation": {"angle": 22.5, "axis": "x", "origin": [14, 6, 1]},
			"faces": {
				"north": {"uv": [0, 0, 0, 2], "rotation": 270, "texture": "#missing"},
				"east": {"uv": [0, 0, 0, 1], "rotation": 90, "texture": "#missing"},
				"south": {"uv": [0, 0, 0, 2], "rotation": 270, "texture": "#missing"},
				"west": {"uv": [0, 0, 0, 1], "rotation": 270, "texture": "#missing"},
				"up": {"uv": [2, 10, 4, 11], "texture": "#3"},
				"down": {"uv": [3, 14, 5, 15], "rotation": 180, "texture": "#3"}
			}
		},
		{
			"from": [13, 6, 0],
			"to": [13, 8, 1],
			"rotation": {"angle": -22.5, "axis": "y", "origin": [13, 7, 1]},
			"faces": {
				"north": {"uv": [0, 0, 0, 2], "rotation": 180, "texture": "#missing"},
				"east": {"uv": [2, 10, 4, 11], "rotation": 90, "texture": "#3"},
				"south": {"uv": [0, 0, 0, 2], "texture": "#missing"},
				"west": {"uv": [3, 14, 5, 15], "rotation": 270, "texture": "#3"},
				"up": {"uv": [0, 0, 0, 1], "texture": "#missing"},
				"down": {"uv": [0, 0, 0, 1], "rotation": 180, "texture": "#missing"}
			}
		},
		{
			"from": [13, 8, 1],
			"to": [13, 9, 2],
			"rotation": {"angle": -22.5, "axis": "z", "origin": [13, 8, 1]},
			"faces": {
				"north": {"uv": [0, 0, 0, 1], "texture": "#missing"},
				"east": {"uv": [4, 10, 5, 11], "texture": "#3"},
				"south": {"uv": [0, 0, 0, 1], "texture": "#missing"},
				"west": {"uv": [1, 12, 2, 13], "texture": "#3"},
				"up": {"uv": [0, 0, 0, 1], "texture": "#missing"},
				"down": {"uv": [0, 0, 0, 1], "texture": "#missing"}
			}
		},
		{
			"from": [14, 8, 3],
			"to": [15, 9, 3],
			"rotation": {"angle": -22.5, "axis": "x", "origin": [15, 8, 3]},
			"faces": {
				"north": {"uv": [1, 10, 2, 11], "texture": "#3"},
				"east": {"uv": [0, 0, 0, 1], "texture": "#missing"},
				"south": {"uv": [5, 13, 6, 14], "texture": "#3"},
				"west": {"uv": [0, 0, 0, 1], "texture": "#missing"},
				"up": {"uv": [0, 0, 0, 1], "rotation": 90, "texture": "#missing"},
				"down": {"uv": [0, 0, 0, 1], "rotation": 270, "texture": "#missing"}
			}
		},
		{
			"from": [1, 0, -2],
			"to": [1, 2, -1],
			"rotation": {"angle": 22.5, "axis": "y", "origin": [1, 1, -1]},
			"faces": {
				"north": {"uv": [0, 0, 0, 2], "rotation": 180, "texture": "#missing"},
				"east": {"uv": [2, 7, 4, 8], "rotation": 90, "texture": "#3"},
				"south": {"uv": [0, 0, 0, 2], "texture": "#missing"},
				"west": {"uv": [4, 3, 6, 4], "rotation": 270, "texture": "#3"},
				"up": {"uv": [0, 0, 0, 1], "texture": "#missing"},
				"down": {"uv": [0, 0, 0, 1], "rotation": 180, "texture": "#missing"}
			}
		},
		{
			"from": [-1, 0, -2],
			"to": [1, 0, -1],
			"rotation": {"angle": 22.5, "axis": "x", "origin": [0, 0, -1]},
			"faces": {
				"north": {"uv": [0, 0, 0, 2], "rotation": 90, "texture": "#missing"},
				"east": {"uv": [0, 0, 0, 1], "rotation": 90, "texture": "#missing"},
				"south": {"uv": [0, 0, 0, 2], "rotation": 90, "texture": "#missing"},
				"west": {"uv": [0, 0, 0, 1], "rotation": 270, "texture": "#missing"},
				"up": {"uv": [2, 7, 4, 8], "texture": "#3"},
				"down": {"uv": [1, 3, 3, 4], "rotation": 180, "texture": "#3"}
			}
		},
		{
			"from": [-2, 0, -1],
			"to": [-1, 0, 1],
			"rotation": {"angle": -22.5, "axis": "z", "origin": [-1, 0, 0]},
			"faces": {
				"north": {"uv": [0, 0, 0, 1], "rotation": 90, "texture": "#missing"},
				"east": {"uv": [0, 0, 0, 2], "rotation": 90, "texture": "#missing"},
				"south": {"uv": [0, 0, 0, 1], "rotation": 270, "texture": "#missing"},
				"west": {"uv": [0, 0, 0, 2], "rotation": 90, "texture": "#missing"},
				"up": {"uv": [3, 3, 5, 4], "rotation": 270, "texture": "#3"},
				"down": {"uv": [2, 7, 4, 8], "rotation": 270, "texture": "#3"}
			}
		},
		{
			"from": [-2, 0, 1],
			"to": [-1, 2, 1],
			"rotation": {"angle": -22.5, "axis": "y", "origin": [-1, 1, 1]},
			"faces": {
				"north": {"uv": [3, 7, 5, 8], "rotation": 90, "texture": "#3"},
				"east": {"uv": [0, 0, 0, 2], "texture": "#missing"},
				"south": {"uv": [3, 7, 5, 8], "rotation": 270, "texture": "#3"},
				"west": {"uv": [0, 0, 0, 2], "rotation": 180, "texture": "#missing"},
				"up": {"uv": [0, 0, 0, 1], "rotation": 270, "texture": "#missing"},
				"down": {"uv": [0, 0, 0, 1], "rotation": 270, "texture": "#missing"}
			}
		},
		{
			"from": [1, 2, -1],
			"to": [1, 3, 0],
			"rotation": {"angle": 22.5, "axis": "z", "origin": [1, 2, -1]},
			"faces": {
				"north": {"uv": [0, 0, 0, 1], "texture": "#missing"},
				"east": {"uv": [1, 6, 2, 7], "texture": "#3"},
				"south": {"uv": [0, 0, 0, 1], "texture": "#missing"},
				"west": {"uv": [1, 4, 2, 5], "texture": "#3"},
				"up": {"uv": [0, 0, 0, 1], "texture": "#missing"},
				"down": {"uv": [0, 0, 0, 1], "texture": "#missing"}
			}
		},
		{
			"from": [-1, 2, 1],
			"to": [0, 3, 1],
			"rotation": {"angle": -22.5, "axis": "x", "origin": [0, 2, 1]},
			"faces": {
				"north": {"uv": [5, 5, 6, 6], "texture": "#3"},
				"east": {"uv": [0, 0, 0, 1], "texture": "#missing"},
				"south": {"uv": [5, 6, 6, 7], "texture": "#3"},
				"west": {"uv": [0, 0, 0, 1], "texture": "#missing"},
				"up": {"uv": [0, 0, 0, 1], "rotation": 90, "texture": "#missing"},
				"down": {"uv": [0, 0, 0, 1], "rotation": 270, "texture": "#missing"}
			}
		},
		{
			"from": [3, 6, 15],
			"to": [3, 8, 16],
			"rotation": {"angle": -22.5, "axis": "y", "origin": [3, 7, 15]},
			"faces": {
				"north": {"uv": [0, 0, 0, 2], "texture": "#missing"},
				"east": {"uv": [8, 7, 10, 8], "rotation": 270, "texture": "#3"},
				"south": {"uv": [0, 0, 0, 2], "rotation": 180, "texture": "#missing"},
				"west": {"uv": [9, 2, 11, 3], "rotation": 90, "texture": "#3"},
				"up": {"uv": [0, 0, 0, 1], "rotation": 180, "texture": "#missing"},
				"down": {"uv": [0, 0, 0, 1], "texture": "#missing"}
			}
		},
		{
			"from": [1, 6, 15],
			"to": [3, 6, 16],
			"rotation": {"angle": -22.5, "axis": "x", "origin": [2, 6, 15]},
			"faces": {
				"north": {"uv": [0, 0, 0, 2], "rotation": 270, "texture": "#missing"},
				"east": {"uv": [0, 0, 0, 1], "rotation": 270, "texture": "#missing"},
				"south": {"uv": [0, 0, 0, 2], "rotation": 270, "texture": "#missing"},
				"west": {"uv": [0, 0, 0, 1], "rotation": 90, "texture": "#missing"},
				"up": {"uv": [9, 3, 11, 4], "rotation": 180, "texture": "#3"},
				"down": {"uv": [9, 7, 11, 8], "texture": "#3"}
			}
		},
		{
			"from": [0, 6, 13],
			"to": [1, 6, 15],
			"rotation": {"angle": -22.5, "axis": "z", "origin": [1, 6, 14]},
			"faces": {
				"north": {"uv": [0, 0, 0, 1], "rotation": 90, "texture": "#missing"},
				"east": {"uv": [0, 0, 0, 2], "rotation": 90, "texture": "#missing"},
				"south": {"uv": [0, 0, 0, 1], "rotation": 270, "texture": "#missing"},
				"west": {"uv": [0, 0, 0, 2], "rotation": 90, "texture": "#missing"},
				"up": {"uv": [8, 3, 10, 4], "rotation": 270, "texture": "#3"},
				"down": {"uv": [9, 7, 11, 8], "rotation": 270, "texture": "#3"}
			}
		},
		{
			"from": [0, 6, 13],
			"to": [1, 8, 13],
			"rotation": {"angle": 22.5, "axis": "y", "origin": [1, 7, 13]},
			"faces": {
				"north": {"uv": [11, 3, 13, 4], "rotation": 90, "texture": "#3"},
				"east": {"uv": [0, 0, 0, 2], "texture": "#missing"},
				"south": {"uv": [11, 7, 13, 8], "rotation": 270, "texture": "#3"},
				"west": {"uv": [0, 0, 0, 2], "rotation": 180, "texture": "#missing"},
				"up": {"uv": [0, 0, 0, 1], "rotation": 270, "texture": "#missing"},
				"down": {"uv": [0, 0, 0, 1], "rotation": 270, "texture": "#missing"}
			}
		},
		{
			"from": [3, 8, 14],
			"to": [3, 9, 15],
			"rotation": {"angle": 22.5, "axis": "z", "origin": [3, 8, 14]},
			"faces": {
				"north": {"uv": [0, 0, 0, 1], "texture": "#missing"},
				"east": {"uv": [9, 6, 8, 7], "texture": "#3"},
				"south": {"uv": [0, 0, 0, 1], "texture": "#missing"},
				"west": {"uv": [8, 3, 9, 4], "texture": "#3"},
				"up": {"uv": [0, 0, 0, 1], "texture": "#missing"},
				"down": {"uv": [0, 0, 0, 1], "texture": "#missing"}
			}
		},
		{
			"from": [1, 8, 13],
			"to": [2, 9, 13],
			"rotation": {"angle": 22.5, "axis": "x", "origin": [2, 8, 13]},
			"faces": {
				"north": {"uv": [11, 7, 12, 8], "texture": "#3"},
				"east": {"uv": [0, 0, 0, 1], "texture": "#missing"},
				"south": {"uv": [8, 4, 9, 5], "texture": "#3"},
				"west": {"uv": [0, 0, 0, 1], "texture": "#missing"},
				"up": {"uv": [0, 0, 0, 1], "rotation": 90, "texture": "#missing"},
				"down": {"uv": [0, 0, 0, 1], "rotation": 270, "texture": "#missing"}
			}
		},
		{
			"from": [1, 6, 13],
			"to": [3, 8, 15],
			"faces": {
				"north": {"uv": [7, 5, 9, 7], "texture": "#3"},
				"east": {"uv": [12, 5, 14, 7], "texture": "#3"},
				"south": {"uv": [10, 5, 12, 7], "texture": "#3"},
				"west": {"uv": [9, 5, 11, 7], "texture": "#3"},
				"up": {"uv": [10, 4, 12, 6], "texture": "#3"},
				"down": {"uv": [10, 7, 12, 9], "texture": "#3"}
			}
		},
		{
			"from": [13, 6, 1],
			"to": [15, 8, 3],
			"faces": {
				"north": {"uv": [3, 12, 5, 14], "texture": "#3"},
				"east": {"uv": [2, 12, 4, 14], "texture": "#3"},
				"south": {"uv": [5, 12, 7, 14], "texture": "#3"},
				"west": {"uv": [0, 10, 2, 12], "texture": "#3"},
				"up": {"uv": [2, 12, 4, 14], "texture": "#3"},
				"down": {"uv": [1, 14, 3, 16], "texture": "#3"}
			}
		},
		{
			"from": [12, 6, 1.5],
			"to": [13, 7, 2.5],
			"faces": {
				"north": {"uv": [14, 14, 15, 15], "texture": "#3"},
				"east": {"uv": [14, 12, 15, 13], "texture": "#3"},
				"south": {"uv": [15, 3, 16, 4], "texture": "#3"},
				"west": {"uv": [14, 2, 15, 3], "texture": "#3"},
				"up": {"uv": [7, 1, 8, 2], "texture": "#3"},
				"down": {"uv": [15, 8, 16, 9], "texture": "#3"}
			}
		},
		{
			"from": [13.5, 7, 3],
			"to": [14.5, 8, 4],
			"faces": {
				"north": {"uv": [6, 1, 7, 2], "texture": "#3"},
				"east": {"uv": [0, 1, 1, 2], "texture": "#3"},
				"south": {"uv": [9, 1, 10, 2], "texture": "#3"},
				"west": {"uv": [4, 0, 5, 1], "texture": "#3"},
				"up": {"uv": [14, 8, 15, 9], "texture": "#3"},
				"down": {"uv": [14, 11, 15, 12], "texture": "#3"}
			}
		},
		{
			"from": [1.5, 7, 12],
			"to": [2.5, 8, 13],
			"faces": {
				"north": {"uv": [0, 1, 1, 2], "texture": "#3"},
				"east": {"uv": [5, 1, 6, 2], "texture": "#3"},
				"south": {"uv": [14, 14, 15, 15], "texture": "#3"},
				"west": {"uv": [2, 0, 3, 1], "texture": "#3"},
				"up": {"uv": [15, 12, 16, 13], "texture": "#3"},
				"down": {"uv": [15, 11, 16, 12], "texture": "#3"}
			}
		},
		{
			"from": [3, 6, 13.5],
			"to": [4, 7, 14.5],
			"faces": {
				"north": {"uv": [15, 10, 16, 11], "texture": "#3"},
				"east": {"uv": [14, 8, 15, 9], "texture": "#3"},
				"south": {"uv": [2, 1, 3, 2], "texture": "#3"},
				"west": {"uv": [14, 14, 15, 15], "texture": "#3"},
				"up": {"uv": [14, 0, 15, 1], "texture": "#3"},
				"down": {"uv": [13, 0, 14, 1], "texture": "#3"}
			}
		},
		{
			"from": [1, 0, -0.5],
			"to": [2, 1, 0.5],
			"faces": {
				"north": {"uv": [1, 1, 2, 2], "texture": "#3"},
				"east": {"uv": [15, 8, 16, 9], "texture": "#3"},
				"south": {"uv": [14, 15, 15, 16], "texture": "#3"},
				"west": {"uv": [5, 0, 6, 1], "texture": "#3"},
				"up": {"uv": [13, 1, 14, 2], "texture": "#3"},
				"down": {"uv": [15, 0, 16, 1], "texture": "#3"}
			}
		},
		{
			"from": [-0.5, 1, 1],
			"to": [0.5, 2, 2],
			"faces": {
				"north": {"uv": [15, 6, 16, 7], "texture": "#3"},
				"east": {"uv": [4, 0, 5, 1], "texture": "#3"},
				"south": {"uv": [11, 0, 12, 1], "texture": "#3"},
				"west": {"uv": [15, 3, 16, 4], "texture": "#3"},
				"up": {"uv": [3, 1, 4, 2], "texture": "#3"},
				"down": {"uv": [14, 13, 15, 14], "texture": "#3"}
			}
		},
		{
			"from": [14, 0, 15.5],
			"to": [15, 1, 16.5],
			"faces": {
				"north": {"uv": [3, 1, 4, 2], "texture": "#3"},
				"east": {"uv": [14, 11, 15, 12], "texture": "#3"},
				"south": {"uv": [2, 1, 3, 2], "texture": "#3"},
				"west": {"uv": [15, 3, 16, 4], "texture": "#3"},
				"up": {"uv": [15, 2, 16, 3], "texture": "#3"},
				"down": {"uv": [14, 5, 15, 6], "texture": "#3"}
			}
		},
		{
			"from": [15.5, 1, 14],
			"to": [16.5, 2, 15],
			"faces": {
				"north": {"uv": [15, 9, 16, 10], "texture": "#3"},
				"east": {"uv": [2, 1, 3, 2], "texture": "#3"},
				"south": {"uv": [14, 13, 15, 14], "texture": "#3"},
				"west": {"uv": [15, 15, 16, 16], "texture": "#3"},
				"up": {"uv": [15, 14, 16, 15], "texture": "#3"},
				"down": {"uv": [14, 5, 15, 6], "texture": "#3"}
			}
		},
		{
			"from": [-1, 6, -12],
			"to": [12, 6, 1],
			"rotation": {"angle": -45, "axis": "y", "origin": [0, 0, 0]},
			"faces": {
				"north": {"uv": [0, 0, 13, 0], "texture": "#4"},
				"east": {"uv": [0, 0, 13, 0], "texture": "#4"},
				"south": {"uv": [0, 0, 13, 0], "texture": "#4"},
				"west": {"uv": [0, 0, 13, 0], "texture": "#4"},
				"up": {"uv": [0, 0, 13, 13], "rotation": 90, "texture": "#4"},
				"down": {"uv": [13, 0, 0, 13], "rotation": 90, "texture": "#4"}
			}
		},
		{
			"from": [0.1, 5.9, -13],
			"to": [13.1, 5.9, 0],
			"rotation": {"angle": -45, "axis": "y", "origin": [0, 0, 0]},
			"faces": {
				"north": {"uv": [0, 0, 13, 0], "texture": "#4"},
				"east": {"uv": [0, 0, 13, 0], "texture": "#4"},
				"south": {"uv": [0, 0, 13, 0], "texture": "#4"},
				"west": {"uv": [0, 0, 13, 0], "texture": "#4"},
				"up": {"uv": [0, 0, 13, 13], "rotation": 90, "texture": "#4"},
				"down": {"uv": [13, 0, 0, 13], "rotation": 90, "texture": "#4"}
			}
		},
		{
			"from": [1.47064, -1.05, 0.08536],
			"to": [14.47064, 11.95, 0.08536],
			"rotation": {"angle": -45, "axis": "z", "origin": [8.52064, 5.95, 0.03536]},
			"faces": {
				"north": {"uv": [13, 0, 0, 13], "rotation": 270, "texture": "#4"},
				"east": {"uv": [0, 0, 13, 0], "rotation": 270, "texture": "#4"},
				"south": {"uv": [0, 0, 13, 13], "rotation": 90, "texture": "#4"},
				"west": {"uv": [0, 0, 13, 0], "rotation": 90, "texture": "#4"},
				"up": {"uv": [0, 0, 13, 0], "rotation": 180, "texture": "#4"},
				"down": {"uv": [0, 0, 13, 0], "texture": "#4"}
			}
		},
		{
			"from": [2.57064, -0.05, -0.01464],
			"to": [15.57064, 12.95, -0.01464],
			"rotation": {"angle": -45, "axis": "z", "origin": [8.52064, 5.95, 0.03536]},
			"faces": {
				"north": {"uv": [13, 0, 0, 13], "rotation": 270, "texture": "#4"},
				"east": {"uv": [0, 0, 13, 0], "rotation": 270, "texture": "#4"},
				"south": {"uv": [0, 0, 13, 13], "rotation": 90, "texture": "#4"},
				"west": {"uv": [0, 0, 13, 0], "rotation": 90, "texture": "#4"},
				"up": {"uv": [0, 0, 13, 0], "rotation": 180, "texture": "#4"},
				"down": {"uv": [0, 0, 13, 0], "texture": "#4"}
			}
		},
		{
			"from": [-2, 6, 4],
			"to": [11, 6, 17],
			"rotation": {"angle": -45, "axis": "y", "origin": [-1, 0, 16]},
			"faces": {
				"north": {"uv": [0, 0, 13, 0], "texture": "#4"},
				"east": {"uv": [0, 0, 13, 0], "texture": "#4"},
				"south": {"uv": [0, 0, 13, 0], "texture": "#4"},
				"west": {"uv": [0, 0, 13, 0], "texture": "#4"},
				"up": {"uv": [0, 0, 13, 13], "rotation": 270, "texture": "#4"},
				"down": {"uv": [13, 0, 0, 13], "rotation": 270, "texture": "#4"}
			}
		},
		{
			"from": [-0.9, 5.9, 3],
			"to": [12.1, 5.9, 16],
			"rotation": {"angle": -45, "axis": "y", "origin": [-1, 0, 16]},
			"faces": {
				"north": {"uv": [0, 0, 13, 0], "texture": "#4"},
				"east": {"uv": [0, 0, 13, 0], "texture": "#4"},
				"south": {"uv": [0, 0, 13, 0], "texture": "#4"},
				"west": {"uv": [0, 0, 13, 0], "texture": "#4"},
				"up": {"uv": [0, 0, 13, 13], "rotation": 270, "texture": "#4"},
				"down": {"uv": [13, 0, 0, 13], "rotation": 270, "texture": "#4"}
			}
		},
		{
			"from": [0.47064, -1.05, 16.08536],
			"to": [13.47064, 11.95, 16.08536],
			"rotation": {"angle": -45, "axis": "z", "origin": [7.52064, 5.95, 16.03536]},
			"faces": {
				"north": {"uv": [13, 13, 0, 0], "texture": "#4"},
				"east": {"uv": [0, 0, 13, 0], "rotation": 270, "texture": "#4"},
				"south": {"uv": [0, 13, 13, 0], "texture": "#4"},
				"west": {"uv": [0, 0, 0, 13], "texture": "#4"},
				"up": {"uv": [0, 0, 13, 0], "texture": "#4"},
				"down": {"uv": [0, 0, 13, 0], "texture": "#4"}
			}
		},
		{
			"from": [1.57064, -0.05, 15.98536],
			"to": [14.57064, 12.95, 15.98536],
			"rotation": {"angle": -45, "axis": "z", "origin": [7.52064, 5.95, 16.03536]},
			"faces": {
				"north": {"uv": [13, 13, 0, 0], "texture": "#4"},
				"east": {"uv": [0, 0, 13, 0], "rotation": 270, "texture": "#4"},
				"south": {"uv": [0, 13, 13, 0], "texture": "#4"},
				"west": {"uv": [0, 0, 13, 0], "rotation": 90, "texture": "#4"},
				"up": {"uv": [0, 0, 13, 0], "texture": "#4"},
				"down": {"uv": [0, 0, 13, 0], "texture": "#4"}
			}
		},
		{
			"from": [16, -0.9, 0.7],
			"to": [16, 12.1, 13.7],
			"rotation": {"angle": 45, "axis": "x", "origin": [16, 5, 8]},
			"faces": {
				"north": {"uv": [0, 0, 13, 0], "rotation": 90, "texture": "#4"},
				"east": {"uv": [13, 0, 0, 13], "rotation": 270, "texture": "#4"},
				"south": {"uv": [0, 0, 13, 0], "rotation": 270, "texture": "#4"},
				"west": {"uv": [0, 0, 13, 13], "rotation": 90, "texture": "#4"},
				"up": {"uv": [0, 0, 13, 0], "rotation": 270, "texture": "#4"},
				"down": {"uv": [0, 0, 13, 0], "rotation": 270, "texture": "#4"}
			}
		},
		{
			"from": [15.9, -0.9, 2.05],
			"to": [15.9, 12.1, 15.05],
			"rotation": {"angle": 45, "axis": "x", "origin": [16, 5, 9]},
			"faces": {
				"north": {"uv": [0, 0, 13, 0], "rotation": 90, "texture": "#4"},
				"east": {"uv": [13, 0, 0, 13], "rotation": 270, "texture": "#4"},
				"south": {"uv": [0, 0, 13, 0], "rotation": 270, "texture": "#4"},
				"west": {"uv": [0, 0, 13, 13], "rotation": 90, "texture": "#4"},
				"up": {"uv": [0, 0, 13, 0], "rotation": 270, "texture": "#4"},
				"down": {"uv": [0, 0, 13, 0], "rotation": 270, "texture": "#4"}
			}
		},
		{
			"from": [9.1, 6, 0.7],
			"to": [22.1, 6, 13.7],
			"rotation": {"angle": -45, "axis": "y", "origin": [15, 6, 8]},
			"faces": {
				"north": {"uv": [0, 0, 13, 0], "texture": "#4"},
				"east": {"uv": [0, 0, 13, 0], "texture": "#4"},
				"south": {"uv": [0, 0, 13, 0], "texture": "#4"},
				"west": {"uv": [0, 0, 13, 0], "texture": "#4"},
				"up": {"uv": [0, 0, 13, 13], "rotation": 180, "texture": "#4"},
				"down": {"uv": [13, 0, 0, 13], "texture": "#4"}
			}
		},
		{
			"from": [9.1, 5.9, 2.05],
			"to": [22.1, 5.9, 15.05],
			"rotation": {"angle": -45, "axis": "y", "origin": [15, 6, 9]},
			"faces": {
				"north": {"uv": [0, 0, 13, 0], "texture": "#4"},
				"east": {"uv": [0, 0, 13, 0], "texture": "#4"},
				"south": {"uv": [0, 0, 13, 0], "texture": "#4"},
				"west": {"uv": [0, 0, 13, 0], "texture": "#4"},
				"up": {"uv": [0, 0, 13, 13], "rotation": 180, "texture": "#4"},
				"down": {"uv": [13, 0, 0, 13], "texture": "#4"}
			}
		},
		{
			"from": [0.1, -1.4, -0.8],
			"to": [0.1, 11.6, 12.2],
			"rotation": {"angle": 45, "axis": "x", "origin": [0, 4, 7]},
			"faces": {
				"north": {"uv": [0, 0, 13, 0], "rotation": 90, "texture": "#4"},
				"east": {"uv": [0, 0, 13, 13], "rotation": 180, "texture": "#4"},
				"south": {"uv": [0, 0, 13, 0], "rotation": 270, "texture": "#4"},
				"west": {"uv": [0, 13, 13, 0], "texture": "#4"},
				"up": {"uv": [0, 0, 13, 0], "rotation": 270, "texture": "#4"},
				"down": {"uv": [0, 0, 13, 0], "rotation": 270, "texture": "#4"}
			}
		},
		{
			"from": [0.1, -0.9, 1.05],
			"to": [0.1, 12.1, 14.05],
			"rotation": {"angle": 45, "axis": "x", "origin": [0, 5, 8]},
			"faces": {
				"north": {"uv": [0, 0, 13, 0], "rotation": 90, "texture": "#4"},
				"east": {"uv": [0, 0, 13, 13], "rotation": 180, "texture": "#4"},
				"south": {"uv": [0, 0, 13, 0], "rotation": 270, "texture": "#4"},
				"west": {"uv": [13, 0, 0, 13], "rotation": 180, "texture": "#4"},
				"up": {"uv": [0, 0, 13, 0], "rotation": 270, "texture": "#4"},
				"down": {"uv": [0, 0, 13, 0], "rotation": 270, "texture": "#4"}
			}
		},
		{
			"from": [-6.7, 6, -0.3],
			"to": [6.3, 6, 12.7],
			"rotation": {"angle": -45, "axis": "y", "origin": [-1, 6, 7]},
			"faces": {
				"north": {"uv": [0, 0, 13, 0], "texture": "#4"},
				"east": {"uv": [0, 0, 13, 0], "texture": "#4"},
				"south": {"uv": [0, 0, 13, 0], "texture": "#4"},
				"west": {"uv": [0, 0, 13, 0], "texture": "#4"},
				"up": {"uv": [0, 0, 13, 13], "texture": "#4"},
				"down": {"uv": [13, 0, 0, 13], "rotation": 180, "texture": "#4"}
			}
		},
		{
			"from": [-6.5, 5.9, 1.05],
			"to": [6.5, 5.9, 14.05],
			"rotation": {"angle": -45, "axis": "y", "origin": [-1, 6, 8]},
			"faces": {
				"north": {"uv": [0, 0, 13, 0], "texture": "#4"},
				"east": {"uv": [0, 0, 13, 0], "texture": "#4"},
				"south": {"uv": [0, 0, 13, 0], "texture": "#4"},
				"west": {"uv": [0, 0, 13, 0], "texture": "#4"},
				"up": {"uv": [0, 0, 13, 13], "texture": "#4"},
				"down": {"uv": [13, 0, 0, 13], "rotation": 180, "texture": "#4"}
			}
		},
		{
			"from": [0.7, 12, -8.5],
			"to": [10.7, 12, 1.5],
			"rotation": {"angle": -45, "axis": "y", "origin": [0, 6, 2]},
			"faces": {
				"north": {"uv": [0, 0, 11, 0], "texture": "#4"},
				"east": {"uv": [0, 0, 13, 0], "texture": "#4"},
				"south": {"uv": [0, 0, 11, 0], "texture": "#4"},
				"west": {"uv": [0, 0, 13, 0], "texture": "#4"},
				"up": {"uv": [0, 0, 11, 11], "rotation": 90, "texture": "#4"},
				"down": {"uv": [11, 0, 0, 11], "rotation": 90, "texture": "#4"}
			}
		},
		{
			"from": [2.4, 11.9, -9.7],
			"to": [12.4, 11.9, 0.3],
			"rotation": {"angle": -45, "axis": "y", "origin": [0, 6, 1]},
			"faces": {
				"north": {"uv": [0, 0, 11, 0], "texture": "#4"},
				"east": {"uv": [0, 0, 13, 0], "texture": "#4"},
				"south": {"uv": [0, 0, 11, 0], "texture": "#4"},
				"west": {"uv": [0, 0, 13, 0], "texture": "#4"},
				"up": {"uv": [0, 0, 11, 11], "rotation": 90, "texture": "#4"},
				"down": {"uv": [11, 0, 0, 11], "rotation": 90, "texture": "#4"}
			}
		},
		{
			"from": [4.7, 6.95, 2.08536],
			"to": [14.7, 16.95, 2.08536],
			"rotation": {"angle": -45, "axis": "z", "origin": [8.52064, 13.95, 2.03536]},
			"faces": {
				"north": {"uv": [11, 0, 0, 11], "rotation": 270, "texture": "#4"},
				"east": {"uv": [0, 0, 13, 0], "rotation": 270, "texture": "#4"},
				"south": {"uv": [0, 0, 11, 11], "rotation": 90, "texture": "#4"},
				"west": {"uv": [0, 0, 13, 0], "rotation": 90, "texture": "#4"},
				"up": {"uv": [0, 0, 11, 0], "rotation": 180, "texture": "#4"},
				"down": {"uv": [0, 0, 11, 0], "texture": "#4"}
			}
		},
		{
			"from": [5.57064, 7.95, 1.98536],
			"to": [15.57064, 17.95, 1.98536],
			"rotation": {"angle": -45, "axis": "z", "origin": [8.52064, 13.95, 4.03536]},
			"faces": {
				"north": {"uv": [11, 0, 0, 11], "rotation": 270, "texture": "#4"},
				"east": {"uv": [0, 0, 13, 0], "rotation": 270, "texture": "#4"},
				"south": {"uv": [0, 0, 11, 11], "rotation": 90, "texture": "#4"},
				"west": {"uv": [0, 0, 13, 0], "rotation": 90, "texture": "#4"},
				"up": {"uv": [0, 0, 11, 0], "rotation": 180, "texture": "#4"},
				"down": {"uv": [0, 0, 11, 0], "texture": "#4"}
			}
		},
		{
			"from": [-2, 12, 4],
			"to": [8, 12, 14],
			"rotation": {"angle": -45, "axis": "y", "origin": [-1, 6, 16]},
			"faces": {
				"north": {"uv": [0, 0, 11, 0], "texture": "#4"},
				"east": {"uv": [0, 0, 13, 0], "texture": "#4"},
				"south": {"uv": [0, 0, 11, 0], "texture": "#4"},
				"west": {"uv": [0, 0, 13, 0], "texture": "#4"},
				"up": {"uv": [0, 0, 11, 11], "rotation": 270, "texture": "#4"},
				"down": {"uv": [11, 0, 0, 11], "rotation": 270, "texture": "#4"}
			}
		},
		{
			"from": [-1.1, 11.9, 3],
			"to": [8.9, 11.9, 13],
			"rotation": {"angle": -45, "axis": "y", "origin": [-1, 6, 16]},
			"faces": {
				"north": {"uv": [0, 0, 11, 0], "texture": "#4"},
				"east": {"uv": [0, 0, 13, 0], "texture": "#4"},
				"south": {"uv": [0, 0, 11, 0], "texture": "#4"},
				"west": {"uv": [0, 0, 13, 0], "texture": "#4"},
				"up": {"uv": [0, 0, 11, 11], "rotation": 270, "texture": "#4"},
				"down": {"uv": [11, 0, 0, 11], "rotation": 270, "texture": "#4"}
			}
		},
		{
			"from": [3.47064, 6.95, 14.08536],
			"to": [13.47064, 16.95, 14.08536],
			"rotation": {"angle": -45, "axis": "z", "origin": [7.52064, 13.95, 14.03536]},
			"faces": {
				"north": {"uv": [11, 11, 0, 0], "texture": "#4"},
				"east": {"uv": [0, 0, 13, 0], "rotation": 270, "texture": "#4"},
				"south": {"uv": [0, 11, 11, 0], "texture": "#4"},
				"west": {"uv": [0, 0, 0, 13], "texture": "#4"},
				"up": {"uv": [0, 0, 11, 0], "texture": "#4"},
				"down": {"uv": [0, 0, 11, 0], "texture": "#4"}
			}
		},
		{
			"from": [4.4, 7.8, 13.98536],
			"to": [14.4, 17.8, 13.98536],
			"rotation": {"angle": -45, "axis": "z", "origin": [7.52064, 13.95, 14.03536]},
			"faces": {
				"north": {"uv": [11, 11, 0, 0], "texture": "#4"},
				"east": {"uv": [0, 0, 13, 0], "rotation": 270, "texture": "#4"},
				"south": {"uv": [0, 11, 11, 0], "texture": "#4"},
				"west": {"uv": [0, 0, 13, 0], "rotation": 90, "texture": "#4"},
				"up": {"uv": [0, 0, 11, 0], "texture": "#4"},
				"down": {"uv": [0, 0, 11, 0], "texture": "#4"}
			}
		},
		{
			"from": [14, 6.1, 3.4],
			"to": [14, 16.1, 13.4],
			"rotation": {"angle": 45, "axis": "x", "origin": [14, 12, 9]},
			"faces": {
				"north": {"uv": [0, 0, 13, 0], "rotation": 90, "texture": "#4"},
				"east": {"uv": [11, 0, 0, 11], "rotation": 270, "texture": "#4"},
				"south": {"uv": [0, 0, 13, 0], "rotation": 270, "texture": "#4"},
				"west": {"uv": [0, 0, 11, 11], "rotation": 90, "texture": "#4"},
				"up": {"uv": [0, 0, 11, 0], "rotation": 270, "texture": "#4"},
				"down": {"uv": [0, 0, 11, 0], "rotation": 270, "texture": "#4"}
			}
		},
		{
			"from": [13.9, 6.31, 4.6],
			"to": [13.9, 16.31, 14.6],
			"rotation": {"angle": 45, "axis": "x", "origin": [14, 12, 10]},
			"faces": {
				"north": {"uv": [0, 0, 13, 0], "rotation": 90, "texture": "#4"},
				"east": {"uv": [11, 0, 0, 11], "rotation": 270, "texture": "#4"},
				"south": {"uv": [0, 0, 13, 0], "rotation": 270, "texture": "#4"},
				"west": {"uv": [0, 0, 11, 11], "rotation": 90, "texture": "#4"},
				"up": {"uv": [0, 0, 11, 0], "rotation": 270, "texture": "#4"},
				"down": {"uv": [0, 0, 11, 0], "rotation": 270, "texture": "#4"}
			}
		},
		{
			"from": [8.8, 12, 4.4],
			"to": [18.8, 12, 14.4],
			"rotation": {"angle": -45, "axis": "y", "origin": [15.57331, 6.45, 8.77522]},
			"faces": {
				"north": {"uv": [0, 0, 13, 0], "texture": "#4"},
				"east": {"uv": [0, 0, 11, 0], "texture": "#4"},
				"south": {"uv": [0, 0, 13, 0], "texture": "#4"},
				"west": {"uv": [0, 0, 11, 0], "texture": "#4"},
				"up": {"uv": [0, 0, 11, 11], "rotation": 180, "texture": "#4"},
				"down": {"uv": [11, 0, 0, 11], "texture": "#4"}
			}
		},
		{
			"from": [9.5, 11.9, 5.3],
			"to": [19.5, 11.9, 15.3],
			"rotation": {"angle": -45, "axis": "y", "origin": [15.57331, 6.45, 8.77522]},
			"faces": {
				"north": {"uv": [0, 0, 13, 0], "texture": "#4"},
				"east": {"uv": [0, 0, 11, 0], "texture": "#4"},
				"south": {"uv": [0, 0, 13, 0], "texture": "#4"},
				"west": {"uv": [0, 0, 11, 0], "texture": "#4"},
				"up": {"uv": [0, 0, 11, 11], "rotation": 180, "texture": "#4"},
				"down": {"uv": [11, 0, 0, 11], "texture": "#4"}
			}
		},
		{
			"from": [2.1, 6.3, 3.5],
			"to": [2.1, 16.3, 13.5],
			"rotation": {"angle": 45, "axis": "x", "origin": [2, 12, 9]},
			"faces": {
				"north": {"uv": [0, 0, 13, 0], "rotation": 90, "texture": "#4"},
				"east": {"uv": [0, 0, 11, 11], "rotation": 180, "texture": "#4"},
				"south": {"uv": [0, 0, 13, 0], "rotation": 270, "texture": "#4"},
				"west": {"uv": [0, 11, 11, 0], "texture": "#4"},
				"up": {"uv": [0, 0, 11, 0], "rotation": 270, "texture": "#4"},
				"down": {"uv": [0, 0, 11, 0], "rotation": 270, "texture": "#4"}
			}
		},
		{
			"from": [2.1, 6.4, 3.1],
			"to": [2.1, 16.4, 13.1],
			"rotation": {"angle": 45, "axis": "x", "origin": [2, 13, 8]},
			"faces": {
				"north": {"uv": [0, 0, 13, 0], "rotation": 90, "texture": "#4"},
				"east": {"uv": [0, 0, 11, 11], "rotation": 180, "texture": "#4"},
				"south": {"uv": [0, 0, 13, 0], "rotation": 270, "texture": "#4"},
				"west": {"uv": [11, 0, 0, 11], "rotation": 180, "texture": "#4"},
				"up": {"uv": [0, 0, 11, 0], "rotation": 270, "texture": "#4"},
				"down": {"uv": [0, 0, 11, 0], "rotation": 270, "texture": "#4"}
			}
		},
		{
			"from": [-3.7, 12, 0.9],
			"to": [6.3, 12, 10.9],
			"rotation": {"angle": -45, "axis": "y", "origin": [-1, 1, 8]},
			"faces": {
				"north": {"uv": [0, 0, 13, 0], "texture": "#4"},
				"east": {"uv": [0, 0, 11, 0], "texture": "#4"},
				"south": {"uv": [0, 0, 13, 0], "texture": "#4"},
				"west": {"uv": [0, 0, 11, 0], "texture": "#4"},
				"up": {"uv": [0, 0, 11, 11], "texture": "#4"},
				"down": {"uv": [11, 0, 0, 11], "rotation": 180, "texture": "#4"}
			}
		},
		{
			"from": [-3.8, 11.9, -0.3],
			"to": [6.2, 11.9, 9.7],
			"rotation": {"angle": -45, "axis": "y", "origin": [-1, 1, 7]},
			"faces": {
				"north": {"uv": [0, 0, 13, 0], "texture": "#4"},
				"east": {"uv": [0, 0, 11, 0], "texture": "#4"},
				"south": {"uv": [0, 0, 13, 0], "texture": "#4"},
				"west": {"uv": [0, 0, 11, 0], "texture": "#4"},
				"up": {"uv": [0, 0, 11, 11], "texture": "#4"},
				"down": {"uv": [11, 0, 0, 11], "rotation": 180, "texture": "#4"}
			}
		},
		{
			"from": [0, 5.25, 0.175],
			"to": [16, 5.25, 0.675],
			"rotation": {"angle": -45, "axis": "x", "origin": [5, 5, -1]},
			"faces": {
				"north": {"uv": [0, 0, 16, 0], "texture": "#missing"},
				"east": {"uv": [0, 0, 1, 0], "texture": "#missing"},
				"south": {"uv": [0, 0, 16, 0], "texture": "#missing"},
				"west": {"uv": [0, 0, 1, 0], "texture": "#missing"},
				"up": {"uv": [5.8, 7.8, 9, 9.4], "texture": "#5"},
				"down": {"uv": [10.8, 12, 14, 13.6], "texture": "#5"}
			}
		},
		{
			"from": [2, 11.25, 2.175],
			"to": [14, 11.25, 2.675],
			"rotation": {"angle": -45, "axis": "x", "origin": [5, 11, 1]},
			"faces": {
				"north": {"uv": [0, 0, 16, 0], "texture": "#missing"},
				"east": {"uv": [0, 0, 1, 0], "texture": "#missing"},
				"south": {"uv": [0, 0, 16, 0], "texture": "#missing"},
				"west": {"uv": [0, 0, 1, 0], "texture": "#missing"},
				"up": {"uv": [5.8, 7.8, 8.2, 9.2], "texture": "#5"},
				"down": {"uv": [5.8, 9.2, 8.2, 10.6], "texture": "#5"}
			}
		},
		{
			"from": [2, 13.25, 14.175],
			"to": [14, 13.25, 14.675],
			"rotation": {"angle": 45, "axis": "x", "origin": [5, 13, 13]},
			"faces": {
				"north": {"uv": [0, 0, 16, 0], "texture": "#missing"},
				"east": {"uv": [0, 0, 1, 0], "texture": "#missing"},
				"south": {"uv": [0, 0, 16, 0], "texture": "#missing"},
				"west": {"uv": [0, 0, 1, 0], "texture": "#missing"},
				"up": {"uv": [5.8, 7.8, 8.2, 9.2], "texture": "#5"},
				"down": {"uv": [5.8, 9.2, 8.2, 10.6], "texture": "#5"}
			}
		},
		{
			"from": [1.325, 13.25, 2],
			"to": [1.825, 13.25, 14],
			"rotation": {"angle": 45, "axis": "z", "origin": [3, 13, 5]},
			"faces": {
				"north": {"uv": [0, 0, 1, 0], "texture": "#missing"},
				"east": {"uv": [0, 0, 16, 0], "texture": "#missing"},
				"south": {"uv": [0, 0, 1, 0], "texture": "#missing"},
				"west": {"uv": [0, 0, 16, 0], "texture": "#missing"},
				"up": {"uv": [5.8, 7.8, 8.2, 9.2], "rotation": 90, "texture": "#5"},
				"down": {"uv": [5.8, 9.2, 8.2, 10.6], "rotation": 270, "texture": "#5"}
			}
		},
		{
			"from": [13.325, 11.25, 2],
			"to": [13.825, 11.25, 14],
			"rotation": {"angle": -45, "axis": "z", "origin": [15, 11, 5]},
			"faces": {
				"north": {"uv": [0, 0, 1, 0], "texture": "#missing"},
				"east": {"uv": [0, 0, 16, 0], "texture": "#missing"},
				"south": {"uv": [0, 0, 1, 0], "texture": "#missing"},
				"west": {"uv": [0, 0, 16, 0], "texture": "#missing"},
				"up": {"uv": [5.8, 7.8, 8.2, 9.2], "rotation": 90, "texture": "#5"},
				"down": {"uv": [5.8, 9.2, 8.2, 10.6], "rotation": 270, "texture": "#5"}
			}
		},
		{
			"from": [0, 7.25, 16.175],
			"to": [16, 7.25, 16.675],
			"rotation": {"angle": 45, "axis": "x", "origin": [5, 7, 15]},
			"faces": {
				"north": {"uv": [0, 0, 16, 0], "texture": "#missing"},
				"east": {"uv": [0, 0, 1, 0], "texture": "#missing"},
				"south": {"uv": [0, 0, 16, 0], "texture": "#missing"},
				"west": {"uv": [0, 0, 1, 0], "texture": "#missing"},
				"up": {"uv": [5.8, 7.8, 9, 9.4], "texture": "#5"},
				"down": {"uv": [10.8, 12, 14, 13.6], "texture": "#5"}
			}
		},
		{
			"from": [-0.675, 7.25, 0],
			"to": [-0.175, 7.25, 16],
			"rotation": {"angle": 45, "axis": "z", "origin": [1, 7, 5]},
			"faces": {
				"north": {"uv": [0, 0, 1, 0], "texture": "#missing"},
				"east": {"uv": [0, 0, 16, 0], "texture": "#missing"},
				"south": {"uv": [0, 0, 1, 0], "texture": "#missing"},
				"west": {"uv": [0, 0, 16, 0], "texture": "#missing"},
				"up": {"uv": [5.8, 7.8, 9, 9.4], "rotation": 90, "texture": "#5"},
				"down": {"uv": [10.8, 12, 14, 13.6], "rotation": 270, "texture": "#5"}
			}
		},
		{
			"from": [15.325, 5.25, 0],
			"to": [15.825, 5.25, 16],
			"rotation": {"angle": -45, "axis": "z", "origin": [17, 5, 5]},
			"faces": {
				"north": {"uv": [0, 0, 1, 0], "texture": "#missing"},
				"east": {"uv": [0, 0, 16, 0], "texture": "#missing"},
				"south": {"uv": [0, 0, 1, 0], "texture": "#missing"},
				"west": {"uv": [0, 0, 16, 0], "texture": "#missing"},
				"up": {"uv": [5.8, 7.8, 9, 9.4], "rotation": 90, "texture": "#5"},
				"down": {"uv": [10.8, 12, 14, 13.6], "rotation": 270, "texture": "#5"}
			}
		}
	],
	"display": {
		"thirdperson_righthand": {
			"scale": [0.4, 0.4, 0.4]
		},
		"thirdperson_lefthand": {
			"scale": [0.4, 0.4, 0.4]
		},
		"gui": {
			"rotation": [0, 180, 0]
		},
		"head": {
			"translation": [0, 11, 0],
			"scale": [0.85, 0.85, 0.85]
		},
		"fixed": {
			"rotation": [-90, 0, 0],
			"translation": [0, 0, -14],
			"scale": [2, 2, 2]
		}
	},
	"groups": [
		0,
		1,
		{
			"name": "player",
			"origin": [0, 0, 0],
			"color": 0,
			"children": [2, 3, 4, 5]
		},
		{
			"name": "player",
			"origin": [0, 0, 0],
			"color": 0,
			"children": [6, 7, 8, 9]
		},
		10,
		11,
		{
			"name": "petals",
			"origin": [17, 2, 15],
			"color": 0,
			"children": [12, 13, 14, 15, 16, 17]
		},
		{
			"name": "petals",
			"origin": [17, 2, 15],
			"color": 0,
			"children": [18, 19, 20, 21, 22, 23]
		},
		{
			"name": "petals",
			"origin": [17, 2, 15],
			"color": 0,
			"children": [24, 25, 26, 27, 28, 29]
		},
		{
			"name": "petals",
			"origin": [17, 2, 15],
			"color": 0,
			"children": [30, 31, 32, 33, 34, 35]
		},
		36,
		37,
		38,
		39,
		40,
		41,
		42,
		43,
		44,
		45,
		{
			"name": "group",
			"origin": [0, 0, 0],
			"color": 0,
			"children": [
				{
					"name": "north1",
					"origin": [0, 0, 0],
					"color": 0,
					"children": [
						{
							"name": "group",
							"origin": [0, 0, 0],
							"color": 0,
							"children": [46, 47]
						},
						{
							"name": "group",
							"origin": [0, 0, 0],
							"color": 0,
							"children": [48, 49]
						}
					]
				},
				{
					"name": "south1",
					"origin": [0, 0, 0],
					"color": 0,
					"children": [
						{
							"name": "group",
							"origin": [0, 0, 0],
							"color": 0,
							"children": [50, 51]
						},
						{
							"name": "group",
							"origin": [0, 0, 0],
							"color": 0,
							"children": [52, 53]
						}
					]
				},
				{
					"name": "east1",
					"origin": [0, 0, 0],
					"color": 0,
					"children": [
						{
							"name": "group",
							"origin": [0, 0, 0],
							"color": 0,
							"children": [54, 55]
						},
						{
							"name": "group",
							"origin": [0, 0, 0],
							"color": 0,
							"children": [56, 57]
						}
					]
				},
				{
					"name": "west1",
					"origin": [0, 0, 0],
					"color": 0,
					"children": [
						{
							"name": "group",
							"origin": [0, 0, 0],
							"color": 0,
							"children": [58, 59]
						},
						{
							"name": "group",
							"origin": [0, 0, 0],
							"color": 0,
							"children": [60, 61]
						}
					]
				}
			]
		},
		{
			"name": "group",
			"origin": [0, 0, 0],
			"color": 0,
			"children": [
				{
					"name": "north2",
					"origin": [0, 0, 0],
					"color": 0,
					"children": [
						{
							"name": "group",
							"origin": [0, 0, 0],
							"color": 0,
							"children": [62, 63]
						},
						{
							"name": "group",
							"origin": [0, 0, 0],
							"color": 0,
							"children": [64, 65]
						}
					]
				},
				{
					"name": "south2",
					"origin": [0, 0, 0],
					"color": 0,
					"children": [
						{
							"name": "group",
							"origin": [0, 0, 0],
							"color": 0,
							"children": [66, 67]
						},
						{
							"name": "group",
							"origin": [0, 0, 0],
							"color": 0,
							"children": [68, 69]
						}
					]
				},
				{
					"name": "east2",
					"origin": [0, 0, 0],
					"color": 0,
					"children": [
						{
							"name": "group",
							"origin": [0, 0, 0],
							"color": 0,
							"children": [70, 71]
						},
						{
							"name": "group",
							"origin": [0, 0, 0],
							"color": 0,
							"children": [72, 73]
						}
					]
				},
				{
					"name": "west2",
					"origin": [0, 0, 0],
					"color": 0,
					"children": [
						{
							"name": "group",
							"origin": [0, 0, 0],
							"color": 0,
							"children": [74, 75]
						},
						{
							"name": "group",
							"origin": [0, 0, 0],
							"color": 0,
							"children": [76, 77]
						}
					]
				}
			]
		},
		78,
		79,
		80,
		81,
		82,
		83,
		84,
		85
	]
}